<?xml version="1.0" encoding="UTF-8"?>
<java version="1.7.0_01" class="java.beans.XMLDecoder">
 <object class="java.util.ArrayList">
  <void method="add">
   <object class="uk.ac.aber.dcs.cs12420.aberpizza.data.Pizza">
    <void property="description">
     <string>Firenze</string>
    </void>
    <void property="largePrice">
     <object class="java.math.BigDecimal">
      <string>16.99</string>
     </object>
    </void>
    <void property="mediumPrice">
     <object class="java.math.BigDecimal">
      <string>14.99</string>
     </object>
    </void>
    <void property="price">
     <object class="java.math.BigDecimal" id="BigDecimal0">
      <string>12.99</string>
     </object>
    </void>
    <void property="smallPrice">
     <object idref="BigDecimal0"/>
    </void>
   </object>
  </void>
  <void method="add">
   <object class="uk.ac.aber.dcs.cs12420.aberpizza.data.Pizza">
    <void property="description">
     <string>Florentine</string>
    </void>
    <void property="largePrice">
     <object class="java.math.BigDecimal">
      <string>16.99</string>
     </object>
    </void>
    <void property="mediumPrice">
     <object class="java.math.BigDecimal">
      <string>14.99</string>
     </object>
    </void>
    <void property="price">
     <object class="java.math.BigDecimal" id="BigDecimal1">
      <string>12.99</string>
     </object>
    </void>
    <void property="smallPrice">
     <object idref="BigDecimal1"/>
    </void>
   </object>
  </void>
  <void method="add">
   <object class="uk.ac.aber.dcs.cs12420.aberpizza.data.Pizza">
    <void property="description">
     <string>Rustica</string>
    </void>
    <void property="largePrice">
     <object class="java.math.BigDecimal">
      <string>16.99</string>
     </object>
    </void>
    <void property="mediumPrice">
     <object class="java.math.BigDecimal">
      <string>14.99</string>
     </object>
    </void>
    <void property="price">
     <object class="java.math.BigDecimal" id="BigDecimal2">
      <string>12.99</string>
     </object>
    </void>
    <void property="smallPrice">
     <object idref="BigDecimal2"/>
    </void>
   </object>
  </void>
  <void method="add">
   <object class="uk.ac.aber.dcs.cs12420.aberpizza.data.Pizza">
    <void property="description">
     <string>Pepperoni</string>
    </void>
    <void property="largePrice">
     <object class="java.math.BigDecimal">
      <string>16.99</string>
     </object>
    </void>
    <void property="mediumPrice">
     <object class="java.math.BigDecimal">
      <string>14.99</string>
     </object>
    </void>
    <void property="price">
     <object class="java.math.BigDecimal" id="BigDecimal3">
      <string>12.99</string>
     </object>
    </void>
    <void property="smallPrice">
     <object idref="BigDecimal3"/>
    </void>
   </object>
  </void>
  <void method="add">
   <object class="uk.ac.aber.dcs.cs12420.aberpizza.data.Pizza">
    <void property="description">
     <string>Ham &amp; Pineapple</string>
    </void>
    <void property="largePrice">
     <object class="java.math.BigDecimal">
      <string>16.99</string>
     </object>
    </void>
    <void property="mediumPrice">
     <object class="java.math.BigDecimal">
      <string>14.99</string>
     </object>
    </void>
    <void property="price">
     <object class="java.math.BigDecimal" id="BigDecimal4">
      <string>12.99</string>
     </object>
    </void>
    <void property="smallPrice">
     <object idref="BigDecimal4"/>
    </void>
   </object>
  </void>
  <void method="add">
   <object class="uk.ac.aber.dcs.cs12420.aberpizza.data.Pizza">
    <void property="description">
     <string>Tuna Delight</string>
    </void>
    <void property="largePrice">
     <object class="java.math.BigDecimal">
      <string>16.99</string>
     </object>
    </void>
    <void property="mediumPrice">
     <object class="java.math.BigDecimal">
      <string>14.99</string>
     </object>
    </void>
    <void property="price">
     <object class="java.math.BigDecimal" id="BigDecimal5">
      <string>12.99</string>
     </object>
    </void>
    <void property="smallPrice">
     <object idref="BigDecimal5"/>
    </void>
   </object>
  </void>
  <void method="add">
   <object class="uk.ac.aber.dcs.cs12420.aberpizza.data.Pizza">
    <void property="description">
     <string>New Yorker</string>
    </void>
    <void property="largePrice">
     <object class="java.math.BigDecimal">
      <string>16.99</string>
     </object>
    </void>
    <void property="mediumPrice">
     <object class="java.math.BigDecimal">
      <string>14.99</string>
     </object>
    </void>
    <void property="price">
     <object class="java.math.BigDecimal" id="BigDecimal6">
      <string>12.99</string>
     </object>
    </void>
    <void property="smallPrice">
     <object idref="BigDecimal6"/>
    </void>
   </object>
  </void>
  <void method="add">
   <object class="uk.ac.aber.dcs.cs12420.aberpizza.data.Pizza">
    <void property="description">
     <string>Cheese &amp; Tomato</string>
    </void>
    <void property="largePrice">
     <object class="java.math.BigDecimal">
      <string>11.99</string>
     </object>
    </void>
    <void property="mediumPrice">
     <object class="java.math.BigDecimal">
      <string>9.99</string>
     </object>
    </void>
    <void property="price">
     <object class="java.math.BigDecimal" id="BigDecimal7">
      <string>7.99</string>
     </object>
    </void>
    <void property="smallPrice">
     <object idref="BigDecimal7"/>
    </void>
   </object>
  </void>
 </object>
</java>
