<?xml version="1.0" encoding="UTF-8"?>
<java version="1.7.0_01" class="java.beans.XMLDecoder">
 <object class="uk.ac.aber.dcs.cs12420.aberpizza.data.Till">
  <void property="orders">
   <void method="add">
    <object class="uk.ac.aber.dcs.cs12420.aberpizza.data.Order" id="Order0">
     <void property="customerName">
      <string>Cufadsd</string>
     </void>
     <void property="date">
      <object class="java.util.Date">
       <long>1336003585504</long>
      </object>
     </void>
     <void property="items">
      <void method="add">
       <object class="uk.ac.aber.dcs.cs12420.aberpizza.data.OrderItem">
        <void property="item">
         <object class="uk.ac.aber.dcs.cs12420.aberpizza.data.Pizza">
          <void property="description">
           <string>Rustica</string>
          </void>
          <void property="largePrice">
           <object class="java.math.BigDecimal">
            <string>16.99</string>
           </object>
          </void>
         </object>
        </void>
        <void property="quantity">
         <int>7</int>
        </void>
       </object>
      </void>
      <void method="add">
       <object class="uk.ac.aber.dcs.cs12420.aberpizza.data.OrderItem">
        <void property="item">
         <object class="uk.ac.aber.dcs.cs12420.aberpizza.data.Pizza">
          <void property="description">
           <string>Tuna Delight</string>
          </void>
          <void property="largePrice">
           <object class="java.math.BigDecimal">
            <string>12.99</string>
           </object>
          </void>
         </object>
        </void>
        <void property="quantity">
         <int>3</int>
        </void>
       </object>
      </void>
      <void method="add">
       <object class="uk.ac.aber.dcs.cs12420.aberpizza.data.OrderItem">
        <void property="item">
         <object class="uk.ac.aber.dcs.cs12420.aberpizza.data.Drinks">
          <void property="description">
           <string>Coca Cola Zero - 1.25ltr</string>
          </void>
          <void property="price">
           <object class="java.math.BigDecimal">
            <string>1.99</string>
           </object>
          </void>
         </object>
        </void>
        <void property="quantity">
         <int>3</int>
        </void>
       </object>
      </void>
      <void method="add">
       <object class="uk.ac.aber.dcs.cs12420.aberpizza.data.OrderItem">
        <void property="item">
         <object class="uk.ac.aber.dcs.cs12420.aberpizza.data.Drinks">
          <void property="description">
           <string>Water - 1.25ltr</string>
          </void>
          <void property="price">
           <object class="java.math.BigDecimal">
            <string>1.50</string>
           </object>
          </void>
         </object>
        </void>
        <void property="quantity">
         <int>2</int>
        </void>
       </object>
      </void>
      <void method="add">
       <object class="uk.ac.aber.dcs.cs12420.aberpizza.data.OrderItem">
        <void property="item">
         <object class="uk.ac.aber.dcs.cs12420.aberpizza.data.Drinks">
          <void property="description">
           <string>Sprite - 1.25ltr</string>
          </void>
          <void property="price">
           <object class="java.math.BigDecimal">
            <string>1.99</string>
           </object>
          </void>
         </object>
        </void>
        <void property="quantity">
         <int>7</int>
        </void>
       </object>
      </void>
      <void method="add">
       <object class="uk.ac.aber.dcs.cs12420.aberpizza.data.OrderItem">
        <void property="item">
         <object class="uk.ac.aber.dcs.cs12420.aberpizza.data.Sides">
          <void property="description">
           <string>Potato Wedges</string>
          </void>
          <void property="price">
           <object class="java.math.BigDecimal">
            <string>3.49</string>
           </object>
          </void>
         </object>
        </void>
        <void property="quantity">
         <int>2</int>
        </void>
       </object>
      </void>
      <void method="add">
       <object class="uk.ac.aber.dcs.cs12420.aberpizza.data.OrderItem">
        <void property="item">
         <object class="uk.ac.aber.dcs.cs12420.aberpizza.data.Sides">
          <void property="description">
           <string>Coleslaw</string>
          </void>
          <void property="price">
           <object class="java.math.BigDecimal">
            <string>2.30</string>
           </object>
          </void>
         </object>
        </void>
        <void property="quantity">
         <int>3</int>
        </void>
       </object>
      </void>
      <void method="add">
       <object class="uk.ac.aber.dcs.cs12420.aberpizza.data.OrderItem">
        <void property="item">
         <object class="uk.ac.aber.dcs.cs12420.aberpizza.data.Sides">
          <void property="description">
           <string>Dips</string>
          </void>
          <void property="price">
           <object class="java.math.BigDecimal">
            <string>1.29</string>
           </object>
          </void>
         </object>
        </void>
        <void property="quantity">
         <int>7</int>
        </void>
       </object>
      </void>
     </void>
     <void property="total">
      <object class="java.math.BigDecimal">
       <string>203.71</string>
      </object>
     </void>
    </object>
   </void>
   <void method="add">
    <object idref="Order0"/>
   </void>
   <void method="add">
    <object idref="Order0"/>
   </void>
   <void method="add">
    <object idref="Order0"/>
   </void>
   <void method="add">
    <object idref="Order0"/>
   </void>
   <void method="add">
    <object idref="Order0"/>
   </void>
   <void method="add">
    <object idref="Order0"/>
   </void>
   <void method="add">
    <object idref="Order0"/>
   </void>
   <void method="add">
    <object idref="Order0"/>
   </void>
   <void method="add">
    <object idref="Order0"/>
   </void>
   <void method="add">
    <object idref="Order0"/>
   </void>
   <void method="add">
    <object idref="Order0"/>
   </void>
   <void method="add">
    <object idref="Order0"/>
   </void>
   <void method="add">
    <object idref="Order0"/>
   </void>
   <void method="add">
    <object idref="Order0"/>
   </void>
   <void method="add">
    <object idref="Order0"/>
   </void>
   <void method="add">
    <object idref="Order0"/>
   </void>
   <void method="add">
    <object idref="Order0"/>
   </void>
   <void method="add">
    <object idref="Order0"/>
   </void>
   <void method="add">
    <object idref="Order0"/>
   </void>
   <void method="add">
    <object idref="Order0"/>
   </void>
   <void method="add">
    <object idref="Order0"/>
   </void>
   <void method="add">
    <object idref="Order0"/>
   </void>
   <void method="add">
    <object idref="Order0"/>
   </void>
   <void method="add">
    <object idref="Order0"/>
   </void>
   <void method="add">
    <object idref="Order0"/>
   </void>
   <void method="add">
    <object idref="Order0"/>
   </void>
   <void method="add">
    <object idref="Order0"/>
   </void>
   <void method="add">
    <object idref="Order0"/>
   </void>
   <void method="add">
    <object idref="Order0"/>
   </void>
   <void method="add">
    <object idref="Order0"/>
   </void>
   <void method="add">
    <object idref="Order0"/>
   </void>
   <void method="add">
    <object idref="Order0"/>
   </void>
   <void method="add">
    <object idref="Order0"/>
   </void>
  </void>
 </object>
</java>
