<?xml version="1.0" encoding="UTF-8"?>
<java version="1.7.0_01" class="java.beans.XMLDecoder">
 <object class="uk.ac.aber.dcs.cs12420.aberpizza.data.Till">
  <void property="orders">
   <void method="add">
    <object class="uk.ac.aber.dcs.cs12420.aberpizza.data.Order">
     <void property="customerName">
      <string>Customer Name6543</string>
     </void>
     <void property="date">
      <object class="java.util.Date">
       <long>1336116175452</long>
      </object>
     </void>
     <void property="items">
      <void method="add">
       <object class="uk.ac.aber.dcs.cs12420.aberpizza.data.OrderItem">
        <void property="item">
         <object class="uk.ac.aber.dcs.cs12420.aberpizza.data.Pizza">
          <void property="description">
           <string>Rustica</string>
          </void>
          <void property="largePrice">
           <object class="java.math.BigDecimal">
            <string>16.99</string>
           </object>
          </void>
         </object>
        </void>
        <void property="quantity">
         <int>1</int>
        </void>
       </object>
      </void>
     </void>
     <void property="total">
      <object class="java.math.BigDecimal">
       <string>16.99</string>
      </object>
     </void>
    </object>
   </void>
  </void>
 </object>
</java>
